{"Cu(211)":{"*_h":-197764.1352448706,"*_s":-197764.1352448706,"CH2O*_s":-198613.2653046386,"CH2OH*_s":-198629.4634627346,"CH2O_g":-848.6883658005,"CH3O*_s":-198630.2385986971,"CH3O2*_s":-199196.9168376867,"CH3OH*_s":-198646.22948199,"CH3OH_g":-881.686665913,"CO*_s":-198581.5007838714,"CO2*_s":-199148.6376309863,"CO2_g":-1384.4765844818,"CO3*_s":-199715.5924326369,"COH*_s":-198596.3463977299,"COOH*_s":-199164.591181653,"CO_g":-816.4028851619,"H*_h":-197780.2668723497,"H2CO2*_s":-199180.6417569472,"H2COOCH3*_s":-199479.6575820069,"H2O*_s":-198363.5587549844,"H2O_g":-599.0477209523,"H2_g":-31.7230168895,"HCO*_s":-198596.9493362738,"HCO3*_s":-199732.535471446,"HCOH*_s":-198612.9293747802,"HCOO*_s":-199165.4604577298,"HCOOCH3*_s":-199463.4818219993,"HCOOCH3_g":-1699.0545836052,"HCOOH*_s":-199180.8941427059,"HCOOH_g":-1416.2944670131,"O*_s":-198330.7761453291,"OH*_s":-198347.6541002922},"Cu(111)":{"*_h":-197765.0850599981,"*_s":-197765.0850599981,"CH2O*_s":-198613.8165877126,"CH2OH*_s":-198629.8959127025,"CH2O_g":-848.6883658005,"CH3O*_s":-198630.8053651455,"CH3O2*_s":-199197.4507106268,"CH3OH*_s":-198646.9588705513,"CH3OH_g":-881.686665913,"CO*_s":-198582.2581526982,"CO2*_s":-199149.5835936576,"CO2_g":-1384.4765844818,"CO3*_s":-199715.6127724199,"COH*_s":-198597.1111760336,"COOH*_s":-199165.0539330555,"CO_g":-816.4028851619,"H*_h":-197781.1314963134,"H2CO2*_s":-199180.952832695,"H2COOCH3*_s":-199480.1728437142,"H2O*_s":-198364.3220749567,"H2O_g":-599.0477209523,"H2_g":-31.7230168895,"HCO*_s":-198597.4977629234,"HCO3*_s":-199732.8742565872,"HCOH*_s":-198613.3556033463,"HCOO*_s":-199165.8147373264,"HCOOCH3*_s":-199464.2238551018,"HCOOCH3_g":-1699.0545836052,"HCOOH*_s":-199181.6063259622,"HCOOH_g":-1416.2944670131,"O*_s":-198331.4397962593,"OH*_s":-198348.1249861339},"Pd(211)":{"*_h":-123999.1252831781,"*_s":-123999.1252831781,"CH2O*_s":-124848.330118824,"CH2OH*_s":-124864.7926369203,"CH2O_g":-848.6883658005,"CH3O*_s":-124864.7798245816,"CH3O2*_s":-125431.4338342402,"CH3OH*_s":-124881.1553878718,"CH3OH_g":-881.686665913,"CO*_s":-124817.4938575023,"CO2*_s":-125383.6385999959,"CO2_g":-1384.4765844818,"CO3*_s":-125949.3884809043,"COH*_s":-124832.9736516639,"COOH*_s":-125399.831502966,"CO_g":-816.4028851619,"H*_h":-124015.5693863543,"H2CO2*_s":-125414.5133451623,"H2COOCH3*_s":-125714.1228272997,"H2O*_s":-124598.4702285176,"H2O_g":-599.0477209523,"H2_g":-31.7230168895,"HCO*_s":-124832.7752022165,"HCO3*_s":-125966.955075827,"HCOH*_s":-124848.9261830834,"HCOO*_s":-125399.9303442553,"HCOOCH3*_s":-125698.6041925137,"HCOOCH3_g":-1699.0545836052,"HCOOH*_s":-125415.9920543092,"HCOOH_g":-1416.2944670131,"O*_s":-124565.1012354373,"OH*_s":-124582.1441215685},"Pt(211)":{"*_h":-103185.7734339205,"*_s":-103185.7734339205,"CH2O*_s":-104034.866635251,"CH2OH*_s":-104051.8469725497,"CH2O_g":-848.6883658005,"CH3O*_s":-104051.5307892438,"CH3O2*_s":-104618.1815257592,"CH3OH*_s":-104067.8975865937,"CH3OH_g":-881.686665913,"CO*_s":-104004.221350907,"CO2*_s":-104570.2612958814,"CO2_g":-1384.4765844818,"CO3*_s":-105135.9522105559,"COH*_s":-104019.7167856094,"COOH*_s":-104586.5828336613,"CO_g":-816.4028851619,"H*_h":-103202.2405634248,"H2CO2*_s":-104601.3470582418,"H2COOCH3*_s":-104900.9149171381,"H2O*_s":-103785.2411160121,"H2O_g":-599.0477209523,"H2_g":-31.7230168895,"HCO*_s":-104019.4961865223,"HCO3*_s":-105153.7746288872,"HCOH*_s":-104036.0060048336,"HCOO*_s":-104586.7835716074,"HCOOCH3*_s":-104885.1556789857,"HCOOCH3_g":-1699.0545836052,"HCOOH*_s":-104602.7040996324,"HCOOH_g":-1416.2944670131,"O*_s":-103752.0819672159,"OH*_s":-103768.8732212918},"Rh(211)":{"*_h":-106234.5995163207,"*_s":-106234.5995163207,"CH2O*_s":-107083.7931923908,"CH2OH*_s":-107100.6794874523,"CH2O_g":-848.6883658005,"CH3O*_s":-107100.8292977764,"CH3O2*_s":-107667.4733076011,"CH3OH*_s":-107116.7385406999,"CH3OH_g":-881.686665913,"CO*_s":-107053.0869660106,"CO2*_s":-107619.385060655,"CO2_g":-1384.4765844818,"CO3*_s":-108185.7123064861,"COH*_s":-107068.5825257342,"COOH*_s":-107635.7101433817,"CO_g":-816.4028851619,"H*_h":-106251.023530739,"H2CO2*_s":-107650.8281927914,"H2COOCH3*_s":-107950.2012867103,"H2O*_s":-106834.0827701615,"H2O_g":-599.0477209523,"H2_g":-31.7230168895,"HCO*_s":-107068.5327991925,"HCO3*_s":-108203.0266219413,"HCOH*_s":-107084.6591841879,"HCOO*_s":-107635.9849058372,"HCOOCH3*_s":-107934.078031014,"HCOOCH3_g":-1699.0545836052,"HCOOH*_s":-107651.5915622023,"HCOOH_g":-1416.2944670131,"O*_s":-106801.5829783139,"OH*_s":-106818.1468192898},"Ag(211)":{"*_h":-140714.1476630837,"*_s":-140714.1476630837,"CH2O*_s":-141562.9809948292,"CH2OH*_s":-141578.8983637306,"CH2O_g":-848.6883658005,"CH3O*_s":-141579.55263288,"CH3O2*_s":-142146.2990732114,"CH3OH*_s":-141596.0529096239,"CH3OH_g":-881.686665913,"CO*_s":-141530.9149331556,"CO2*_s":-142098.6509656244,"CO2_g":-1384.4765844818,"CO3*_s":-142664.9523830072,"COH*_s":-141545.0665266339,"COOH*_s":-142113.8653170154,"CO_g":-816.4028851619,"H*_h":-140729.8189066061,"H2CO2*_s":-142129.68878326,"H2COOCH3*_s":-142429.0437836689,"H2O*_s":-141313.3824776607,"H2O_g":-599.0477209523,"H2_g":-31.7230168895,"HCO*_s":-141546.3435042063,"HCO3*_s":-142681.9113603773,"HCOH*_s":-141562.1161729422,"HCOO*_s":-142114.8531306853,"HCOOCH3*_s":-142413.3460174619,"HCOOCH3_g":-1699.0545836052,"HCOOH*_s":-142130.6645525098,"HCOOH_g":-1416.2944670131,"O*_s":-141279.5908252164,"OH*_s":-141296.9892427896},"Au(211)":{"*_h":-134520.5464383235,"*_s":-134520.5464383235,"CH2O*_s":-135369.376105757,"CH2OH*_s":-135385.740831909,"CH2O_g":-848.6883658005,"CH3O*_s":-135385.7093772122,"CH3O2*_s":-135952.3971141815,"CH3OH*_s":-135402.4152768873,"CH3OH_g":-881.686665913,"CO*_s":-135337.6152346759,"CO2*_s":-135905.0475846903,"CO2_g":-1384.4765844818,"CO3*_s":-136470.2063115258,"COH*_s":-135352.4950656626,"COOH*_s":-135920.5174146603,"CO_g":-816.4028851619,"H*_h":-134536.3984762643,"H2CO2*_s":-135935.1750400863,"H2COOCH3*_s":-136235.1439390663,"H2O*_s":-135119.7810669079,"H2O_g":-599.0477209523,"H2_g":-31.7230168895,"HCO*_s":-135353.2746264546,"HCO3*_s":-136487.8423051894,"HCOH*_s":-135369.2175090967,"HCOO*_s":-135920.8291331192,"HCOOCH3*_s":-136219.7249631478,"HCOOCH3_g":-1699.0545836052,"HCOOH*_s":-135937.0784867622,"HCOOH_g":-1416.2944670131,"O*_s":-135085.5316315161,"OH*_s":-135103.1036574783}}